hotel,total_bookings,percent_canceled
City Hotel,79329,41.72622874358684
Resort Hotel,40060,27.763354967548675
